property,value
cache_type,0
root_id,30414a5172723945306668564f556b39505641
sync_engine_schema_version,0a1a73796e635f656e67696e655f736368656d615f76657273696f6e1802
machine_root_cache,2
nondownloadable_migration,0a196e6f6e646f776e6c6f616461626c655f6d6967726174696f6e1802
metadata_cache_reset_counter,5
metadata_cache_update_counter,1
force_finish_mdcu_counter,1
content_cache_evictable_files_counter,0
content_cache_pinned_files_counter,0
prefetched_ids_counter,2
driveway_list_shared_drives_launch,0a2264726976657761795f6c6973745f7368617265645f6472697665735f6c61756e63681803
teamdrive_cache,1
account_settings,0a2d0a250808122166696c655f70726f76696465725f61646d696e5f656e61626c65645f636865636b1204747275650a3e0a360808123266696c655f70726f76696465725f64656c6574655f72656d61696e696e675f68696464656e5f7368617265645f64726976651204747275650a320a29080812256e6f6e646f776e6c6f616461626c655f66696c65735f61735f6764726976655f66696c6573120566616c73650a390a310808122d7374617475735f77696e646f775f636c69636b5f73686f775f66696c655f696e5f66696c655f6d616e616765721204747275650a1c0a140808121073706f726b5f6f6e626f617264696e671204747275650a2a0a1c08081218636f6e74656e745f63616368655f6d61785f6b6279746573120a313030303030303030300a1f0a17080812136d61635f736d625f6d6f756e745f62795f69701204747275650a310a290808122563726173685f6f6e5f6661696c65645f7468726561645f636865636b65725f6173736572741204747275650a200a18080812146775695f6175746f73746172745f6f7074696f6e1204747275650a2b0a220808121e616c6c6f775f6d756c7469706c655f736d625f636f6e6e656374696f6e73120566616c73650a2c0a230808121f66696c655f70726f76696465725f656e61626c655f726561645f6168656164120566616c73650a5d0a290808122566696c655f70726f76696465725f64697361626c65645f6c6561726e5f6d6f72655f75726c123068747470733a2f2f737570706f72742e676f6f676c652e636f6d2f64726976652f616e737765722f31323137383438350a2c0a230808121f646f6b616e5f64697370617463685f6d6f6e69746f725f636865636b5f6d73120531303030300a250a1d080812196d756c74695f6163636f756e745f707265666572656e6365731204747275650a450a3d0808123966696c655f70726f76696465725f73686f775f6d6967726174696f6e5f6e6f74696669636174696f6e5f62617365645f6f6e5f766f6c756d651204747275650a380a300808122c64697361626c655f73656375726974795f7570646174655f656e61626c65645f636c6f75645f6368616e67651204747275650a2a0a250808122166696c655f70726f76696465725f63616368655f72657365745f636f756e7465721201300a2b0a200808121c70686f746f735f6465626f756e63655f656469745f74696d655f6d731207313830303030300a200a18080812146175746f73746172745f707265666572656e63651204747275650a240a1c0808121867656e65726174655f646961676e6f737469635f696e666f1204747275650a2c0a26080812227468726f74746c65645f7170735f666f725f7370616d6d696e675f70726f63657373120235300a220a190808121563726173685f6f6e5f63656c6c6f5f617373657274120566616c73650a2f0a28080812246d61785f6d6574726963735f7065725f6576656e745f636f64655f7065725f626174636812033230300a220a1a080812166465746563745f737461626c655f69645f72657573651204747275650a2b0a220808121e646f6b616e5f64697370617463685f6d6f6e69746f725f7761726e5f6d73120536303030300a290a210808121d70686f746f735f68715f636861726765645f6578706563746174696f6e1204747275650a3b0a24080812206d696e5f62797465735f73617665645f746f5f73706c69745f726571756573741213393232333337323033363835343737353830370a3a0a320808122e66696c655f70726f76696465725f656e61626c655f64656e795f636f70795f61637469766174696f6e5f72756c651204747275650a2b0a230808121f656e61626c655f70686f746f5f6d696e5f73697a655f66696c746572696e671204747275650a2f0a2708081223737769746368626c6164655f6f70656e5f66696c65735f7669615f73686f72746375741204747275650a270a1e0808121a7573655f6f7378667573655f726561645f626c61636b6c697374120566616c73650a2f0a2708081223656e61626c655f6b65726e656c5f62617365645f6368616e67655f7265706c617965721204747275650a350a2d0808122966696c655f70726f76696465725f72657472795f6f6e5f70726f76696465725f6e6f745f666f756e641204747275650a300a27080812236368616e67656c6f675f646f776e6c6f61645f7468726f74746c655f74696d655f6d73120531363030300a250a1d08081219656e63727970745f616e645f75706c6f61645f666f6c6465721204747275650a2d0a250808122173706f746c696768745f74696d657374616d705f667363746c5f737570706f72741204747275650a320a2908081225616c6c6f775f66696c6570726f76696465725f666f725f6d696772617465645f7573657273120566616c73650a290a1c0808121864726976657761795f73657474696e67735f6c61756e636812094c41554e43485f4f4e0a300a2808081224616c6c6f775f6d756c7469706c655f6d65726765735f7065725f66657463685f7461736b1204747275650a220a1c080812186d61785f6f7065726174696f6e5f62617463685f73697a65120231350a3b0a360808123266696c655f70726f76696465725f64656c6574655f756e6b6e6f776e5f747261736865645f6974656d735f636f756e7465721201300a2c0a1f0808121b6469726563746f72795f6c6f675f6d61785f627974655f73697a6512093130343835373630300a270a220808121e6d61785f706172616c6c656c5f726573756d61626c655f75706c6f6164731201310a8b010a18080812147261775f70686f746f735f657874656e73696f6e126f6172772c6372772c6372322c6372332c6463722c6463322c6572662c6b63322c6b64632c6b32352c6d64632c6d65662c6d6f732c6d72772c6e65662c6e72772c6f72662c7065662c71746b2c7261662c7261772c7264632c7277322c7372662c7372772c7372322c7833662c3366720a390a1d080812196f7378667573655f70726f636573735f626c61636b6c697374121865736574735f6461656d6f6e3b736365705f6461656d6f6e0a350a2d08081229646f6b616e5f73757070726573735f66696c655f6e616d655f696e5f6576656e745f636f6e746578741204747275650a390a310808122d66696c655f70726f76696465725f72657472795f6e6574776f726b5f696e7465727275707465645f66657463681204747275650a2d0a2408081220616c6c6f775f77696e646f77735f73797374656d5f757365725f616363657373120566616c73650a1e0a1508081211656e61626c655f676f6f73655f6d6f6465120566616c73650a370a2f0808122b66696c655f70726f76696465725f6661696c6f7665725f666f725f686f6d655f6469725f66735f747970651204747275650ada010a150808121170686f746f735f657874656e73696f6e7312c0016a70672c6a7065672c6a70652c706e672c6769662c686569662c686569632c7469662c746966662c776562702c626d702c6469622c69636f2c6a70322c6a32632c6a70662c6a326b2c6a70782c646e672c7261772c6172772c6372772c6372322c6372332c6463722c6463322c6572662c6b63322c6b64632c6b32352c6d64632c6d65662c6d6f732c6d72772c6e65662c6e72772c6f72662c7065662c71746b2c7261662c7264632c7277322c7372662c7372772c7372322c7833662c3366720a220a1a080812167573655f71756f74615f7374617475735f6669656c641204747275650a180a100808120c73686172655f6469616c6f671204747275650a1f0a17080812136d61635f736d625f6e6f6461746163616368651204747275650a220a1a08081216646f6b616e5f70756c6c5f6576656e745f61686561641204747275650a440a3c0808123866696c655f70726f76696465725f656e61626c655f64656e795f7368617265645f64726976655f726f6f745f6d616e6970756c6174696f6e1204747275650a3a0a300808122c64697361626c655f7370616d5f7468726f74746c696e675f6f6e5f77726974655f6475726174696f6e5f6d7312063630303030300a270a1f0808121b626e735f6d6967726174696f6e5f77696e646f775f636c6f7365641204747275650a6f0a210808121d746573745f666561747572655f666c61675f776974685f657363617065124a4e657720476f6f676c6520446f63735c2e67646f637c4e657720476f6f676c65205368656574735c2e6773686565747c4e657720476f6f676c6520536c696465735c2e67736c696465730a2e0a2608081222656e61626c655f6d6972726f725f6d657267655f666f6c6465725f7761726e696e671204747275650a3a0a350808123166696c655f70726f76696465725f64697361626c65645f6e6f74696669636174696f6e5f696e74657276616c5f6d696e731201300a160a0e0808120a656e61626c655f6673741204747275650a210a1c080812186d696e5f6f7065726174696f6e5f62617463685f73697a651201320a3f0a370808123366696c655f70726f76696465725f64656c6574655f73747265616d5f6d795f64726976655f7768656e5f6d6972726f72696e671204747275650a2c0a24080812206775695f62616e6477696474685f7468726f74746c696e675f636f6e74726f6c1204747275650a400a380808123466696c655f70726f76696465725f6d6972726f725f7377697463685f756e70696e6e65645f6974656d5f62617463685f73697a651204323030300a330a290808122566696e6465725f6372656174655f66696c655f68616e646c65725f74696d656f75745f6d7312063630303030300a230a1b08081217736c7572705f646576696365735f746f5f70686f746f731204747275650a280a200808121c656e61626c655f73746f726167655f73617665725f737472696e67731204747275650a2d0a25080812216d61636f735f636f70795f7265736f757263655f746f5f636f6e6669675f6469721204747275650a1c0a140808121073686f72746375745f737570706f72741204747275650a1f0a170808121368696464656e5f617474725f737570706f72741204747275650a340a2e0808122a66696c655f70726f76696465725f7570646174655f62617463685f73697a655f6d756c7469706c696572120231300a2d0a2508081221656d6d5f6765745f73657269616c5f7669615f776d695f6f6e5f77696e646f77731204747275650a200a1b0808121766636d5f696d706c656d656e746174696f6e5f747970651201320a370a2b080812276d61785f7370616d6d696e675f70726f636573735f7468726f74746c696e675f74696d655f6d73120831383030303030300a240a1c08081218656e61626c655f736d625f73706f746c696768745f7270631204747275650a250a200808121c6d657461646174615f63616368655f72657365745f636f756e7465721201350a370a2f0808122b656e61626c655f636170746976655f706f7274616c5f61776172655f6e6574776f726b5f6d6f6e69746f721204747275650a190a140808121064656661756c745f75695f7468656d651201310a1d0a15080812116164645f73686f72746375745f6d656e751204747275650a170a0f0808120b737769746368626c6164651204747275650a410a370808123364796e616d69635f706167655f73697a696e675f64656372656173655f6672657175656e63795f7468726573686f6c645f6d7312063330303030300a310a290808122566696c655f70726f76696465725f666f7263655f657874656e73696f6e5f737461727475701204747275650a2a0a220808121e656e61626c655f66696c655f70726f76696465725f6d6967726174696f6e1204747275650a2e0a29080812256d61785f706172616c6c656c5f6261636b67726f756e645f636c6f75645f717565726965731201330a350a2b080812276d696e5f7370616d6d696e675f70726f636573735f7468726f74746c696e675f74696d655f6d7312063630303030300a280a1f0808121b73656e645f6d74696d655f757064617465735f746f5f6472697665120566616c73650a300a2808081224636f6e74656e745f646f776e6c6f61645f687474705f3431365f776f726b61726f756e641204747275650a1a0a110808120d6f75746c6f6f6b5f616464696e120566616c73650a240a1c0808121873656e645f6d6f6465726e5f666561747572655f646966661204747275650a1f0a1708081213646f6b616e5f6663625f61766c5f7461626c651204747275650a150a0d0808120973706f746c696768741204747275650a330a2c080812286f70656e5f7370616d5f646574656374696f6e5f6d696e5f6e756d6265725f6f665f6576656e747312033130300a360a2e0808122a656e61626c655f636f6e63757272656e745f6d65726765645f726561645f6f7074696d697a6174696f6e1204747275650a380a300808122c66696c655f70726f76696465725f64697361626c655f6373655f636c65616e75705f62617463685f73697a651204323030300a3f0a370808123366696c655f70726f76696465725f72657472795f6f6e5f776169745f666f725f646f6d61696e5f696e69745f6661696c7572651204747275650a270a1f0808121b656e61626c655f6d6f6465726e5f666561747572655f666c6167731204747275650a280a1f0808121b73656e645f6174696d655f757064617465735f746f5f6472697665120566616c73650a1e0a16080812127573655f756e697175655f757365725f69641204747275650a2c0a24080812206f70656e5f7370616d5f646574656374696f6e5f74696d655f756e69745f6d731204313030300a250a1d08081219667573655f73796d6c696e6b5f726561645f737570706f72741204747275650a2f0a2b080812276d6967726174696f6e5f6c6f63616c5f7363616e5f666174616c5f73746174757365735f6d616312000a1d0a1508081211616c6c6f775f73656e645f73636f7065731204747275650a2b0a230808121f696e666f726d5f75736572735f6f665f70656e64696e675f75706c6f6164731204747275650a250a1d080812196375726c5f70726f78795f61757468656e7469636174696f6e1204747275650a2c0a2408081220667573655f73796d6c696e6b5f746f5f73686f72746375745f737570706f72741204747275650a7b0a1508081211766964656f735f657874656e73696f6e7312623367322c3367702c6173662c6176692c646976782c666c762c6d32742c6d3274732c6d34762c6d6b762c6d6d762c6d6e672c6d6f642c6d6f762c6d70342c6d70652c6d70672c6d7065672c6d74732c6f67762c71742c746f642c7765626d2c776d760a220a1a080812166163636f756e745f6261636b75705f6d616e616765721204747275650a270a200808121c6f70656e5f6f7065726174696f6e5f73616d706c696e675f7261746512033130300a2a0a220808121e74656d706f726172795f6974656d735f7669727475616c5f666f6c6465721204747275650a340a2f0808122b636f6e74656e745f63616368655f72657365745f657669637461626c655f66696c65735f636f756e7465721201300a210a1908081215656e666f7263655f73696e676c655f706172656e741204747275650a2a0a230808121f66696c6570726f76696465725f7369676e616c5f6465626f756e63655f6d7312033235300a2d0a2408081220666f7263655f726566726573685f666f6c6465725f6e6f726d616c5f6d656e75120566616c73650a1d0a19080812157375727665795f636f6e66696775726174696f6e7312000a2a0a220808121e73716c6974655f6e6f726d616c5f7472616e73616374696f6e5f73796e631204747275650a200a180808121462616e6477696474685f7468726f74746c696e671204747275650a1d0a1508081211656e61626c655f61706c5f75706c6f61641204747275650a2b0a230808121f6c6f63616c5f6469736b5f61776172655f6765745f667265655f73706163651204747275650a2b0a230808121f7472696d5f706172656e74735f647572696e675f636c6f75645f6d657267651204747275650a2c0a240808122070686f746f735f64697361626c655f6465626f756e6365725f666f725f61706c1204747275650a1f0a1608081212656e61626c655f737769746368626c616465120566616c73650a210a1908081215656e61626c655f7365617263685f686f745f6b65791204747275650a270a1f0808121b737570706f72745f7374617475735f6e6f74696669636174696f6e1204747275650a3e0a380808123466696c655f70726f76696465725f776f726b696e675f7365745f636f6d706163745f636865636b5f6465626f756e63655f736563120236300a2b0a230808121f6465636f6e6669677572655f616273656e745f6d6972726f725f726f6f74731204747275650a350a300808122c66657463685f636f6e74656e745f62797465735f6265666f72655f63616e63656c5f6d756c7469706c6965721201310a300a2808081224616c6c6f775f6d6967726174696f6e5f746f5f757365725f69645f6469726563746f72791204747275650a2a0a220808121e656e61626c655f6d6f756e745f61735f666f6c6465725f73657474696e671204747275650a2a0a2408081220737562736372697074696f6e5f7461736b5f6d61785f6f7065726174696f6e73120235300a390a310808122d66696c655f70726f76696465725f64656c6574655f7368617265645f64726976655f6d6164655f68696464656e1204747275650a290a210808121d646f6b616e5f6472697665725f726571756573745f6261746368696e671204747275650a2d0a250808122166696c655f70726f76696465725f6175746f5f656e61626c655f646f6d61696e731204747275650a1f0a16080812126d657461646174615f64625f76616375756d120566616c73650a270a210808121d6465707265636174696f6e5f7761726e696e675f7468726573686f6c64120233300a2a0a210808121d66696c655f70726f76696465725f7666735f62617365645f6665746368120566616c73650a270a1f0808121b656e61626c655f6d6972726f725f726f6f74735f636f6e746578741204747275650a210a1908081215756e6c6f636b65645f6d61635f67657478617474721204747275650a1e0a16080812126372656174655f6773756974655f66696c651204747275650a2a0a220808121e77696e646f77735f33325f6269745f756e737570706f727465645f6e6f771204747275650a310a2708081223736f6f6e5f746f5f62655f6d696e5f737570706f727465645f6f735f76657273696f6e120631302e302e300a2f0a25080812216c6f6f6b75705f7370616d5f646574656374696f6e5f6475726174696f6e5f6d7312063630303030300a240a1c08081218656e61626c655f6d6972726f7265645f6d795f64726976651204747275650a260a1e0808121a66657463685f636f6e746578745f6d656e755f7669615f6970631204747275650a2e0a260808122266696c655f70726f76696465725f70617573655f73796e63696e675f6f7074696f6e1204747275650a290a2408081220636f6e74656e745f63616368655f63617061636974795f6865757269737469631201310a2a0a25080812216d61785f736c6f775f6f7065726174696f6e5f6d696e6964756d705f636f756e741201300a310a290808122566696c655f70726f76696465725f7573655f77726974655f66696c655f666f725f707573681204747275650a1c0a14080812106170696172795f667265655f6d6f64651204747275650a390a310808122d646f6b616e5f64697361626c655f66696c655f6e6574776f726b5f706879736963616c5f6e616d655f696e666f1204747275650a2e0a2508081221656d6d5f73656e645f6465766963655f656e6372797074696f6e5f737461747573120566616c73650a320a2c0808122866696c655f70726f76696465725f6c6973745f62617463685f73697a655f6d756c7469706c696572120231300a1e0a16080812126465647570655f696e74657276616c5f6d731204323030300a260a1e0808121a7472696d5f706172656e74735f647572696e675f636f6d6d69741204747275650a2c0a2408081220656e61626c655f726561645f6261636b77617264735f686575726973746963731204747275650a160a0f0808120b6465626f756e63655f6d7312033230300a2f0a2608081222656d6d5f73656e645f6465766963655f73637265656e5f6c6f636b5f737461747573120566616c73650a2d0a2408081220636f6e746578745f6d656e755f6372656174655f656469746f725f66696c6573120566616c73650a2a0a250808122164796e616d69635f706167655f73697a696e675f6d696e5f706167655f73697a651201310a180a0f0808120b656d6d5f737570706f7274120566616c73650a2e0a260808122270657273697374656e745f736d625f706f72745f6175746f5f73656c656374696f6e1204747275650a2a0a220808121e73686f775f6f66666c696e655f66696c65735f6d656e755f6f7074696f6e1204747275650a260a1d0808121974776f5f6c6576656c5f666f6c6465725f7072656665746368120566616c73650a2e0a250808122170757267655f6e6f6e5f73797374656d5f61706c5f70686f746f735f726f6f7473120566616c73650a280a230808121f70686f746f735f6d61785f73696d756c74616e656f75735f75706c6f6164731201330a330a2a0808122666696c655f70726f76696465725f64656c65676174655f70696e6e65645f646f776e6c6f6164120566616c73650a2e0a260808122270686f746f735f656e61626c655f686173685f696e746567726974795f636865636b1204747275650a290a210808121d656e61626c655f6375726c5f726571756573745f626f64795f7365656b1204747275650a260a1e0808121a666f7263655f636c6f75645f72656372656174655f6f726465721204747275650a220a14080812106465707265636174696f6e5f64617465120a323032352d30392d33300a3b0a360808123266696c655f70726f76696465725f776f726b696e675f7365745f77616c5f73716c5f72657365745f726174696f5f73697a651201340a170a0e0808120a64657072656361746564120566616c73650a280a200808121c6d61635f6469736b5f6172626974726174696f6e5f756e6d6f756e741204747275650a1c0a14080812106d61635f736d625f6e6f62726f7773651204747275650a260a1c080812186d696e5f737570706f727465645f6f735f76657273696f6e120631302e302e300a170a0f0808120b6d6972726f725f73796e631204747275650a2a0a24080812206163636f756e745f6261636b75705f707265736572766174696f6e5f64617973120233300a2d0a230808121f6f70656e5f7370616d5f646574656374696f6e5f6475726174696f6e5f6d7312063630303030300a3f0a380808123466657463685f636f6e74656e745f62797465735f6265666f72655f63616e63656c5f70657263656e745f6d756c7469706c69657212033530300a230a1b08081217616c6c6f775f737562736372697074696f6e5f7461736b1204747275650a280a230808121f6d61785f706172616c6c656c5f646f776e6c6f6164735f7065725f66696c651201350a250a1c08081218656d6d5f7365636f6e646172795f6964656e746966696572120566616c73650a390a300808122c66696c655f70726f76696465725f636c65616e75705f656d7074795f74656d705f64657363656e64616e7473120566616c73650a420a39080812357573655f72657472795f6d616e616765725f696e5f707573685f7461736b5f776974685f6e65775f636f6e66696775726174696f6e120566616c73650a2d0a230808121f73616d655f636f6e74656e745f6465647570655f696e74657276616c5f6d7312063630303030300a150a100808120c746573745f76616c75655f321201300a150a100808120c746573745f76616c75655f311201300a150a100808120c746573745f76616c75655f301201300a350a270808122366696c655f70726f76696465725f6d696e5f7061727469616c5f726561645f73697a65120a343239343936373239360a470a400808123c66696c655f70726f76696465725f6d697373696e675f73796d6c696e6b5f7461726765745f7265736f6c7665725f6d61785f62617463685f73697a6512033130300a1d0a15080812117573655f72657472795f6d616e616765721204747275650a1c0a140808121063616e63656c5f636f6d5f63616c6c731204747275650a150a100808120c746573745f76616c75655f391201350a200a1808081214656e61626c655f6e61735f746f5f70686f746f731204747275650a1d0a18080812146d61635f736d625f6469616c6563745f6d6f64651201300a390a310808122d72657365745f6163636f756e745f61667465725f666174616c5f6c6f63616c5f73746f72655f6661696c7572651204747275650a150a100808120c746573745f76616c75655f351201300a390a310808122d66696c655f70726f76696465725f726573756d655f6e6574776f726b5f696e7465727275707465645f707573681204747275650a150a100808120c746573745f76616c75655f341201300a340a2c08081228646f6b616e5f6663625f676172626167655f636f6c6c656374696f6e5f696e74657276616c5f6d731204323030300a150a100808120c746573745f76616c75655f331201300a270a1f0808121b667573655f73796d6c696e6b5f6372656174655f737570706f72741204747275650a250a1a0808121663726173685f6f6f6d5f7468726573686f6c645f6d621207313034383537360a2b0a230808121f656e61626c655f6d6f756e745f696e5f736964656261725f73657474696e671204747275650a2f0a2708081223737472756374757265645f6c6f675f6d61785f66696c655f73697a655f6b62797465731204323034380a190a110808120d646f6b616e5f6f706c6f636b731204747275650a1f0a1708081213626c6f636b5f6d61635f616e746976697275731204747275650a190a110808120d656e61626c655f70686f746f731204747275650a250a1d08081219737769746368626c6164655f6f6e5f776562736f636b6574731204747275650a310a2c08081228636f6e74656e745f63616368655f656e7472795f63616368655f696d706c656d656e746174696f6e1201310a1b0a120808120e69735f6461736865725f75736572120566616c73650a3f0a370808123372657365745f6163636f756e745f61667465725f6c6f63616c5f6c6172676573745f6368616e67655f69645f636f72727570741204747275650a250a1d0808121972656c6f63617461626c655f636f6e74656e745f63616368651204747275650a3c0a330808122f6e6f6e646f776e6c6f616461626c655f66696c65735f61735f6764726976655f66696c65735f6d6967726174696f6e120566616c73650a1f0a1608081212656e63727970745f616e645f75706c6f6164120566616c73650a1e0a1608081212707265666572656e6365735f6469616c6f671204747275650a320a290808122566696c655f70726f76696465725f65766963745f6f6e5f636f6e74656e745f6368616e6765120566616c73650a1b0a130808120f7265736375655f6163636f756e74731204747275650a2e0a26080812226c6f6f6b75705f7370616d5f646574656374696f6e5f74696d655f756e69745f6d731204313030300a220a1a08081216756e6c6f636b65645f6d61635f6275665f756e6d61701204747275650a3e0a36080812327265706c6163655f6c6f63616c5f69645f776974685f636c6f75645f69645f7768656e5f70757368696e675f7570646174651204747275650a160a0e0808120a6f6e626f617264696e671204747275650a370a320808122e66696c655f70726f76696465725f636f6e74656e745f63616368655f72657365745f67646f635f636f756e7465721201310a360a2d0808122966696c655f70726f76696465725f6f6e5f7265636f6e6e6563745f6b696c6c5f66705f6461656d6f6e120566616c73650a250a1c08081218737570706c795f6a736f6e5f67646f635f636f6e74656e74120566616c73650a210a18080812147573655f6d61635f66696c6570726f7669646572120566616c73650a1c0a130808120f73706f726b5f6d6967726174696f6e120566616c73650a240a1b080812176f7378667573655f6c6f636b5f61626f72745f74657374120566616c73650a270a1e0808121a656e61626c655f6e6f6f705f746573745f666561747572655f32120566616c73650a430a3b0808123766696c655f70726f76696465725f6465746563745f757365725f656e61626c655f6368616e67655f62795f6e6f74696669636174696f6e1204747275650a220a1a080812167265706169725f737461626c655f69645f72657573651204747275650a350a2e0808122a6c6f6f6b75705f7370616d5f646574656374696f6e5f6d696e5f6e756d6265725f6f665f6576656e747312033130300a290a210808121d66696c655f7265766973696f6e735f7669727475616c5f666f6c6465721204747275650a260a1d08081219736d625f756e6d6f756e745f776974685f6469736b7574696c120566616c73650a160a0e0808120a7468756d626e61696c731204747275650a290a210808121d646f6b616e5f7365745f696e7465726e616c5f66696c655f696e6465781204747275650a2c0a230808121f6c6f6767696e675f6f6e5f63656c6c6f5f7468726561645f73746172747570120566616c73650a210a19080812157573655f7368617265645f6472697665735f6170691204747275650a2f0a2608081222737570706f72745f6c6f63616c5f6372656174655f7368617265645f647269766573120566616c73650a2d0a25080812216775695f72657365745f707265666572656e6365735f6d656e755f6f7074696f6e1204747275650a2e0a260808122266696c655f70726f76696465725f776169745f666f725f70656e64696e675f7365741204747275650a1f0a16080812126d6565745f6f75746c6f6f6b5f616464696e120566616c73650a600a2c0808122866696c655f70726f76696465725f6d6f756e745f706f696e745f6c6561726e5f6d6f72655f75726c123068747470733a2f2f737570706f72742e676f6f676c652e636f6d2f64726976652f616e737765722f31323137383438350a2e0a26080812226c6f63616c5f6d616368696e655f6f766572726964655f707265666572656e6365731204747275650a220a190808121573796e635f636c69656e745f6d6967726174696f6e120566616c73650a200a180808121463616e63656c5f75706c6f61645f6f7074696f6e1204747275650a3c0a330808122f66696c655f70726f76696465725f717569636b5f6163636573735f706f6c6c696e675f696e74657276616c5f736563120534333230300a150a0d0808120964726976655f646f741204747275650a310a290808122566696c655f70726f76696465725f656e61626c655f6970635f726f6f745f73796d6c696e6b1204747275650a2d0a2508081221636f6e746578745f6d656e755f666f7263655f726566726573685f666f6c6465721204747275650a220a1a08081216696e737472756d656e745f687474705f636c69656e741204747275650a2a0a210808121d656e61626c655f61637475616c5f7370616d5f7468726f74746c696e67120566616c73650a2a0a220808121e6d6967726174655f746f5f6163636f756e745f6469726563746f726965731204747275650a200a1808081214656e61626c655f6d756c74695f6163636f756e741204747275650a2b0a220808121e7573655f72657472795f6d616e616765725f696e5f707573685f7461736b120566616c73650a440a3a0808123666696c655f70726f76696465725f61637469766174696f6e5f6d61785f72657472795f6261636b6f66665f6475726174696f6e5f6d7312063138303030300a2d0a1f0808121b70686f746f735f657874656e73696f6e735f746f5f69676e6f7265120a6372646f776e6c6f61640a230a1b080812177573655f73706f726b5f6e6f74696669636174696f6e731204747275650a5e0a2a0808122666696c655f70726f76696465725f6d6967726174696f6e5f6c6561726e5f6d6f72655f75726c123068747470733a2f2f737570706f72742e676f6f676c652e636f6d2f64726976652f616e737765722f31323137383438350a2c0a230808121f69676e6f72655f6974656d5f696e5f64656c6574655f6368616e67656c6f67120566616c73650a2b0a2608081222636f6e74656e745f63616368655f72657365745f70696e6e65645f636f756e7465721201300a330a2b08081227656e61626c655f64796e616d69635f6c6973745f6368616e6765735f706167655f73697a696e671204747275650a2b0a230808121f656e61626c655f7368656c6c5f6970635f62617365645f70726f67726573731204747275650a300a2608081222737562736372697074696f6e5f7461736b5f7468726f74746c655f74696d655f6d7312063330303030300a2b0a230808121f77696e646f77735f33325f6269745f756e737570706f727465645f736f6f6e1204747275650a2e0a26080812227370656369616c5f666f6c6465725f6368616e67655f6e6f74696669636174696f6e1204747275650a350a27080812236f7378667573655f73636865645f666c6167735f6f66667365745f6f76657272696465120a343239343936373239350a2f0a230808121f72657375627363726962655f72657472795f696e74657276616c5f6d736563120831343430303030300a1a0a110808120d7573655f6d6f6f6e7368696e65120566616c73650a220a1a08081216646f6b616e5f7573655f667363746c5f6576656e74731204747275650a2d0a240808122066696c655f70726f76696465725f7573655f636f6e74656e745f706f6c696379120566616c73650a410a380808123466696c655f70726f76696465725f6e6f746966795f6d6f756e745f706f696e745f6368616e6765645f776974685f6d6972726f72120566616c73650a200a180808121470617573655f73796e63696e675f6f7074696f6e1204747275650a2d0a250808122172657365745f66696c655f636f6e74656e745f6f6e5f7265766572745f666c6f771204747275650a280a200808121c66696c655f7265766973696f6e735f66696c655f70726f76696465721204747275650a340a27080812236d61785f62797465735f7065725f66657463685f636f6e74656e745f7265717565737412093236383433353435360a1d0a180808121466636d5f746f6b656e5f67656e65726174696f6e1201310a290a230808121f6e756d5f6d6574726963735f626174636865735f7065725f72657175657374120237300a240a1c08081218636f6d7075746572735f7669727475616c5f666f6c6465721204747275650a1f0a16080812126163636f756e745f7570646174655f736563120538363430300a310a290808122561736b5f746f5f636f70795f66696c65735f666f725f70656e64696e675f75706c6f6164731204747275650a2e0a260808122273686f775f717569636b5f6163636573735f696e5f7365617263685f6469616c6f671204747275650a290a1c080812187573655f6d6f6465726e5f666561747572655f666c61677312094c41554e43485f4f4e0a3c0a3408081230636f6e746578745f6d656e755f73686f775f6372656174655f6e65775f7368617265645f64726976655f6469616c6f671204747275650a2c0a24080812207265706169725f6b6578745f6d616e6167656d656e745f6469726563746f72791204747275650a3a0a310808122d66696c655f70726f76696465725f6372656174655f6578697374696e675f6469725f69645f7375636365656473120566616c73650a390a2f0808122b656d7074795f66696c655f776974685f6f70656e5f68616e646c655f75706c6f61645f64656c61795f6d7312063630303030300a320a2908081225616c6c6f775f75726c5f706172616d657465725f7768656e5f6f70656e696e675f67646f63120566616c73650a260a210808121d6d657461646174615f63616368655f7570646174655f636f756e7465721201310a3b0a320808122e66696c655f70726f76696465725f6372656174655f6578697374696e675f66696c655f69645f7375636365656473120566616c73650a200a17080812136d6f6a6176655f6f7665726c6179735f666978120566616c73650a180a100808120c616c6c6f775f7365617263681204747275650a310a2908081225656e61626c655f736b69705f72656469726563745f666f725f656469746f725f66696c65731204747275650a220a1a08081216736c7572705f646576696365735f746f5f64726976651204747275650a310a290808122568616e646c655f756e617574686f72697a65645f726573756d61626c655f75706c6f6164731204747275650a420a3a0808123666696c655f70726f76696465725f68616e646c655f65786163745f6578697374696e675f6372656174655f61735f7265696d706f72741204747275650a300a280808122464697361626c655f73706f746c696768745f7065726d697373696f6e5f707265686561741204747275650a310a290808122573686f775f77696e375f70617463685f72657175697265645f6e6f74696669636174696f6e1204747275650a170a0e0808120a656e61626c655f637365120566616c73650a2a0a220808121e696e636c7564655f757365725f656d61696c5f696e5f666565646261636b1204747275650a1e0a1608081212737472756374757265645f6c6f6767696e671204747275650a2a0a220808121e646f6b616e5f616c6c6f775f6f7074696d69737469635f72656c656173651204747275650a150a100808120c6d61635f736d625f706f72741201300a320a2a08081226656e61626c655f736b69705f70726f6a6563746f725f666f725f6f66666963655f66696c65731204747275650a2b0a230808121f6d6463755f6d61785f6974656d5f636f756e745f7065725f726571756573741204313030300a740a2608081222616c6c6f7765645f6e65775f67646f635f66696c655f6e616d655f7061747465726e124a2e2a476f6f676c6520446f63732e2a5c2e67646f637c2e2a476f6f676c65205368656574732e2a5c2e6773686565747c2e2a476f6f676c6520536c696465732e2a5c2e67736c696465730a330a2b0808122766696c655f70726f76696465725f6661696c6f7665725f666f725f696e76616c69645f657569641204747275650a370a320808122e64796e616d69635f706167655f73697a696e675f6d696e5f63617061636974795f726561636865645f636f756e741201350a2b0a2608081222636f6d5f6170695f7468726561645f737475636b5f7468726573686f6c645f7365631201300a2a0a220808121e726571756573745f7465616d5f64726976655f637573746f6d65725f69641204747275650a260a1d0808121973686f775f6e6f6e5f72756e6e696e675f6163636f756e7473120566616c73650a2a0a24080812206d61785f706172616c6c656c5f707573685f7461736b5f696e7374616e636573120231350a280a200808121c656d6d5f66756c6c795f7175616c69666965645f686f73746e616d651204747275650a400a370808123366696c655f70726f76696465725f6578636c7564655f66726f6d5f73796e635f6469726563745f6372656174655f7472617368120566616c73650a270a1f0808121b66696e6973685f73796e63696e675f66696c65735f6f7074696f6e1204747275650a410a370808123364796e616d69635f706167655f73697a696e675f696e6372656173655f6672657175656e63795f7468726573686f6c645f6d7312063630303030300a310a180808121466696e6465725f70726f636573735f6e616d657312154465736b746f70536572766963657348656c7065720a390a2b080812276f7378667573655f73636865645f666c6167735f6f66667365745f6f766572726964655f61726d120a343239343936373239350a2b0a230808121f7573655f66696c655f6f7267616e697a65725f6361706162696c69746965731204747275650a1d0a110808120d637573746f6d65725f747970651208434f4e53554d4552
largest_change_id,2603
driveway_account,080112fd010aa601080112153130373137333933353937383533323536323131311a0a53616d692053616c65682a6768747470733a2f2f6c68332e676f6f676c6575736572636f6e74656e742e636f6d2f612f414367386f634c4c7334377a33316e4d7342312d3430395057393875366b6962637634435963494651375043772d36573847553971773d7736342d632d6836342d6d6f421673616d6973616c65686e657740676d61696c2e636f6d1a320a2c08808080803c189fa4ad9802300138808080803c40e1dbd2e739489fa4ad9802509fa4ad980262006801780162020801420e080110011a00200128013001380162060800100018006a061000180020002801
driveway_account_fields,6163636f756e742e6d657461646174612e6261636b656e645f646961676e6f73746963732e6261636b656e642c6163636f756e742e656e74657270726973655f73657474696e67732e69735f6461736865725f61646d696e2c6163636f756e742e64726976655f666f725f6465736b746f705f73657474696e67732e63616e5f7573655f70686f746f732c6163636f756e742e6d657461646174612e71756f74612e696e646976696475616c5f75736167655f73746174652c6163636f756e742e64726976655f666f725f6465736b746f705f73657474696e67732e63616e5f6d6972726f725f6d795f64726976652c6163636f756e742e757365722e6f7267616e697a6174696f6e5f646973706c61795f6e616d652c6163636f756e742e64726976655f666f725f6465736b746f705f73657474696e67732e63616e5f7573655f6d6972726f722c6163636f756e742e757365722e70686f746f5f75726c2c6163636f756e742e757365722e656d61696c2c6163636f756e742e64726976655f666f725f6465736b746f705f73657474696e67732e63616e5f7573655f736c7572702c6163636f756e742e6d657461646174612e71756f74612e696e646976696475616c5f62797465735f6c696d69742c6163636f756e742e6d657461646174612e71756f74612e62797465735f72656d61696e696e672c6163636f756e742e757365722e666f6375735f757365725f69642c6163636f756e742e64726976655f666f725f6465736b746f705f73657474696e67732e737769746368626c6164655f70736b2c6163636f756e742e6d657461646174612e71756f74612e71756f74615f62797465735f746f74616c2c6163636f756e742e757365722e6e616d652c6163636f756e742e6d657461646174612e71756f74612e75736167655f73746174652c6163636f756e742e6d657461646174612e71756f74612e67726163655f706572696f645f696e666f2e656e645f74696d657374616d705f6d696c6c69732c6163636f756e742e656e74657270726973655f73657474696e67732e69735f6461736865725f757365722c6163636f756e742e64726976655f666f725f6465736b746f705f73657474696e67732e73686f775f66735f646f776e6c6f61642c6163636f756e742e6d657461646174612e71756f74612e71756f74615f7374617475732c6163636f756e742e6d657461646174612e71756f74612e71756f74615f62797465735f757365645f6167677265676174652c6163636f756e742e757365722e69642c6163636f756e742e6d657461646174612e71756f74612e62797465735f6c696d69742c6163636f756e742e6d657461646174612e71756f74612e62797465735f757365645f62795f616c6c5f73657276696365732c6163636f756e742e6d657461646174612e71756f74612e71756f74615f747970652c6163636f756e742e6d657461646174612e71756f74612e67726163655f706572696f645f696e666f2e6163746976652c6163636f756e742e6d657461646174612e71756f74612e62797465735f757365645f62795f757365722c6163636f756e742e757365722e637573746f6d65725f69642c6163636f756e742e64726976655f666f725f6465736b746f705f73657474696e67732e63616e5f7573655f66735f70726573656e63652c6163636f756e742e73656375726974795f73657474696e67732e69735f6373655f656e61626c65642c6163636f756e742e73656375726974795f73657474696e67732e69735f6373655f6f6e5f62795f64656661756c742c6163636f756e742e73656375726974795f73657474696e67732e69735f6373655f6372656174655f656e61626c65642c6163636f756e742e656e74657270726973655f73657474696e67732e63616e5f6163636573735f61646d696e5f636f6e736f6c65
