item_stable_id,parent_stable_id,local_title_hash
209,210,3659888146369772646
208,210,-4626577355884615266
207,210,2564741765321385298
206,208,-3548870981148260148
205,208,-412611428192853809
204,208,-5892688849694393053
203,208,-8418127194023969835
202,208,-5924762511896943503
211,209,-7051230951060621073
212,208,-4928839006799741316
213,209,-6904206562925355259
418,209,6654540100448195666
417,418,6654540100448195666
416,417,-1610896638395993888
415,417,568756744946477138
414,417,496702077742687926
413,417,584880236536963832
412,417,8569701730386653178
428,415,6210225566759069549
427,415,5572848142782527557
426,415,-2395843023421734820
425,417,2734635729639479957
424,415,-2801575476570926156
423,415,6297964727978528934
422,415,-4245674298449883471
421,415,-4990945534867292648
420,416,-810899570888494845
419,415,-727582096674779348
449,428,-1145992465106047775
448,428,1116129818908600940
447,428,3922799545896316039
446,428,1328639389221521585
445,428,7149679575894154930
444,428,-3947582684248296089
443,428,5513064157348120890
442,428,-8015495760320002337
441,428,-2033401817928616676
440,428,1665748967257678008
439,427,-1002978765664263825
438,428,-2829906428922166115
437,427,-526975168736432471
436,427,6126636741372264014
435,427,5595429449855809127
434,427,-4037667762179662084
433,428,-7314086732477602738
432,428,3645355960749087161
431,427,-2564461386353110187
430,428,4806164758755461267
429,428,766769431226964819
529,427,-201735476717636631
528,427,8265786495737512440
527,428,-2383748338956574420
526,428,-4019107835345240
525,427,-5639284653246086151
524,427,586462396008116719
523,427,-542920551657401253
522,427,4489992046234983831
521,427,2901752779795008668
520,427,-6886628156285762484
519,427,7896659551999891988
518,427,8618996797426469053
517,427,-2737749775818064696
516,427,4228921911338775496
515,427,5148107408478602279
514,427,-9181386997521041645
513,427,-3041568858547663433
512,427,-1126825302590313839
511,427,1955305374112487979
510,427,-6706223000404194874
509,427,6123082620638891316
508,427,5725074833370404178
507,419,4716108169214465346
506,419,6971744286527088210
505,419,-63422290012851874
504,419,-5343783912034775019
503,419,8009368579678581445
502,419,3899740198885946370
501,519,-5328809202790764551
500,520,-9213163262014914880
499,516,-7794822398453523188
498,518,8879395055975497903
497,520,-4733785814157128226
496,520,-5664598924583872936
495,520,1877520563443555738
494,520,-3467068985208815266
493,520,2654466418926059288
492,520,88984686813407162
491,520,5049440447893546818
490,520,-3361567022101563077
489,520,-3794205244247261925
488,520,1699363076570942720
487,520,-7036958726091791825
486,519,2581853013199671167
485,516,7433813590678693310
484,516,-7140200849246709198
483,516,-7122387772931587567
482,516,-7869052476079061131
481,516,-441158588063061003
480,516,-1681828521279379526
479,517,8110271013860102635
478,518,1028509477565971319
477,519,-3817511035647668876
476,518,-3731749208532774641
475,518,-2696169669525549895
474,518,4646094424531769961
473,518,2164950097298051928
472,518,-5968891462665914869
471,520,-277679771178947835
470,520,3793460631044067584
469,520,-8475790779222260701
468,520,-7681633446722423186
467,520,-6021414945955464855
466,520,3542116280546931956
465,520,8415959985624441114
464,519,-6151957792872174266
463,519,-7554069354725817051
462,520,4572376563443880336
461,520,-763882598893919783
460,520,956381555087198555
459,520,-6874812888099997797
458,520,-8712500048015884971
457,516,4575166375546189425
456,507,1384924292264664346
455,518,3754651039199496351
454,520,1889448422169939942
453,520,-7833472854109620514
452,520,5843456451383774257
451,520,-1145992465106047775
450,516,-2637395701456017084
615,520,-8273023663119390427
614,520,-6916340684933115798
613,520,4809177080350298763
612,520,8965036351990152157
611,518,-1549862924565992185
610,515,1538477818462600301
609,514,905039434476166332
608,516,-7532340924423739991
607,515,3245756817958508716
606,514,367415356746501521
605,520,-1708151325562183358
604,520,7332874186925754672
603,520,-386252016468457985
602,520,-9182589365236867459
601,520,-1127541833073647604
600,520,-6402720284013234260
599,520,-6267229390971126972
598,520,7067691744654313804
597,520,5822048641639957513
596,517,1752284244170548807
595,517,-2692502888567779539
594,517,-8497881490485712028
593,518,-2709286765633639751
592,517,-1239918281929763718
591,513,-2745379809122107324
590,514,5746663153048247583
589,514,6401245276849890300
588,513,-2910022667719004856
587,419,6975554832631654801
586,452,3198081277921018005
585,419,7870775942960150947
584,451,-6038834195711517537
583,507,1575014921181161643
582,451,-4668411988540687208
581,453,-6540617805832213133
580,454,7058690887134878530
579,452,3224836089341183592
578,452,1462506922113216634
577,452,6085008923714499558
576,452,2111102511221856685
575,452,-7204944151131801336
574,452,2846349122759936634
573,451,571830793708355320
572,451,1712215454657286061
571,451,1514479658113464442
570,451,-8117892986584887993
569,451,-5253241842182761310
568,452,912351721272889258
567,451,4367048967045373805
566,451,8690992251148784905
565,451,-7256702678788974408
564,451,5870575387577857121
563,451,2722976228553767427
562,451,-3536076238547613484
561,451,80086984563898688
560,451,6388590986589160500
559,451,-5060280474908377721
558,451,-8233394087264993799
557,452,8247571493612828070
556,451,-4175205530964143459
555,454,586263790193169127
554,454,-6510150351833656583
553,453,-3971848686231961117
552,453,-7478265331038328474
551,454,-6300249579743404695
550,453,-4505836374618426728
549,453,377823842197161864
548,454,9146242921434133259
547,451,5197783837478923943
546,454,7362223784531097702
545,451,3566777831265672916
544,452,-718725947211335870
543,452,1891551874724181608
542,452,376622876084380826
541,451,1770005205480731606
540,451,4470995126073129078
539,451,7851228160586101571
538,451,1832435069923038154
537,451,-8589236179197872516
536,451,-5186144712080151778
535,419,4855248699076225643
534,454,-7261539606063707742
533,454,3717076068641265844
532,454,-2534843121756701811
531,454,-432940742536463827
530,454,7059915138823161200
665,456,-1344556564565786441
664,456,2243403789643853905
663,456,8528031481382098593
662,456,6923996819931423790
661,456,5306333958066457532
660,456,3507100198209266892
659,456,2717778096752557427
658,456,3765846077359555627
657,456,3391600372891716824
656,456,1736803213271955950
655,456,5135412455360074193
654,456,3159441672214479067
653,456,1656597384313737474
652,456,-1111173974482700214
651,456,-2504727369647050953
650,456,-2425718072306703035
649,456,-7678963278676443254
648,456,-4033080284564660595
647,456,8976372143310001927
646,456,-3200080913378867420
645,456,148902145736590445
644,456,2245112369519961422
643,456,4514195879377319712
642,456,6814391311919716844
641,456,-5049476908835692776
640,456,634046577308114969
639,456,448529053188706393
638,456,-8763311570564162730
637,456,-5811374061753897471
636,456,4645730890591282217
635,456,-9018090441882159857
634,456,5486123792124994826
633,456,-6555404592381927968
632,419,-5963391834359954458
631,456,9062436400580225640
630,456,4852490109036176670
629,456,3650377525600148366
628,456,552360383545135224
627,456,-4917454397501236517
626,456,437624598370814907
625,456,-8582875311468418727
624,456,-6227835294553266545
623,456,-6348654727821226028
622,456,4379282594846829101
621,456,-7619689984997330760
620,456,-5183539448183748460
619,456,239522806865790045
618,456,5593399338146880597
617,456,-6933789187095971376
411,209,-4901034188272256233
616,456,2974772948484400518
1013,456,1124936842783805133
1012,456,-7234622146796143387
1011,456,61287731063709248
1010,456,-8261926406760543062
1009,456,-7478162717364336710
1008,456,-4435821228188278999
1007,456,-5182403444217688929
1006,456,3300691134542752377
1005,456,7790214116256910661
1004,456,8338763600956914033
1003,456,-8411129623102295199
1002,456,7016264331889271502
1001,456,7933822947566784624
1000,456,5351573733318659192
999,456,5909141300171818618
998,456,7087007230265145266
997,456,3581794651105242136
996,456,-673294276594384488
995,456,4900072299360784931
994,456,8596540822389436349
993,456,8837763114260813705
992,456,7375260480683840250
991,456,7107207458772669699
990,456,5603617140520523955
989,456,-6188843409188710981
988,456,-9085134972860098919
987,456,-5409553007602127807
986,456,-3701266283947701969
985,456,-7074946033893536965
984,456,-2341458420806080830
983,456,-6907464455589754125
982,456,-3233624817356521379
981,456,8552671658378534349
980,456,-1256177074919003581
979,456,544476291242496363
978,456,-3520347776663710528
977,456,-8746142890620221309
976,456,7970765923047349490
975,456,-3283864862786106960
974,456,-5049195949347760473
973,456,5151617418193969664
972,456,2601783013523111999
971,456,4419905243018315092
970,456,-3590377500849561577
969,419,-3850982681933861552
968,456,-2169007868026030638
967,456,8661253887312554189
966,456,-4678781922501637190
965,456,8179451271403147217
964,456,-3800344491191909485
963,456,3461703966026577235
962,456,-7218499861512086832
961,456,-9143434496809355193
960,419,2670499612201654480
959,456,-3901004972973077734
958,456,-1360642388844922887
957,456,-171069286596464801
956,456,4027189993115171402
955,456,-3389027575940321200
954,456,-5230545853400410034
953,419,2229416881200830219
952,456,-2957072838805978121
951,456,3771270885071358466
950,456,-8724794490309093342
949,456,4132967219117003958
948,456,-367529199098536952
947,456,8618246788592102884
946,456,4605293833152054126
945,456,-5326203136526888237
944,456,8453546640119947238
943,456,3004394597605579264
942,456,-7080763118761947908
941,456,-3029436852784728994
940,456,-8027608877104845961
939,419,6242539518130907724
938,456,-6293258221124678965
937,456,6451908019826173658
936,456,-1896224978445066975
935,456,-2815171651032667953
934,456,4364874204818183125
933,456,314510124413119377
932,456,-5434858101910802976
931,456,337693042107542147
930,456,7023716087162552510
929,456,-2481325749181483801
928,456,8917346441707915636
927,456,-4217357622536274680
926,456,3936861022357899494
925,456,2527328337460681368
924,456,2199849268788398770
923,456,-6165737114498145921
922,456,1935129847840168239
921,456,-7322929836305405972
920,456,-212826476717165119
919,456,-1895408581460308969
918,456,4625122271599342871
917,456,11790395412775741
916,456,-5227723443800029987
915,456,1999113454179459956
914,456,4016045576509429417
913,456,-2268726597282902604
912,456,-8851177911323718716
911,456,7354334034704991436
910,456,2629604812538804690
909,456,-2194935396432740634
908,456,-3232132700385147344
907,456,-7173958157352698892
906,456,-6329017684349196295
905,456,3059821522673277298
904,456,-2751568359062090740
903,456,-6578925721001662956
902,456,4602610329157629150
901,456,-8159749426018193723
900,456,2285060968061266179
899,456,7960127709047509706
898,456,8527657939974182331
897,456,5621915884283241122
896,456,-8911403742341968314
895,456,418517219141082502
894,456,3217246856985863001
893,456,5734230446543418903
892,456,1571582640366171253
891,456,4957234826496309313
890,456,8173597208827407651
889,456,-1172696803341209106
888,456,1574587670692933644
887,456,7868484098542358993
886,456,7154445228522081142
885,456,4262295790753968089
884,456,-6389878332103051861
883,456,-6488533840609444868
882,456,-8983719282560265777
881,456,8524406998941910743
880,456,7678140872196111330
879,456,1187167953424697472
878,456,6812412210044384931
877,456,8166072067563641984
876,456,1179913949946587067
875,456,5832337699427625536
874,456,3841683706517575434
873,456,9043728793766981341
872,456,5824283422035836727
871,456,6514061800194328440
870,456,-3693802236656085514
869,456,6125963246461564127
868,456,-5350735843041862878
867,456,-4788388028319455084
866,456,-6492468041616261602
865,456,8904426828093215602
864,456,-1370524758024577456
863,456,5956211377480524561
862,456,-7474652410492111936
861,456,-4365836275533470224
860,456,-6273993072391927159
859,456,9018248333388368444
858,456,-4019027064796156886
857,456,8829456389572712018
856,456,6468079431705319426
855,456,2692389354787276384
854,456,4995789246239132699
853,456,5741578649196765388
852,456,522726994119749059
851,456,-8074992463181615019
850,456,4004823492074747636
849,456,-5910157645835196262
848,456,-6128935364628684298
847,456,-7774259594859695348
846,456,7459054572895543806
845,456,371223478666221827
844,456,-8603467577332422598
843,456,8553247827726101952
842,456,1512784519113359907
841,456,-964728086707432737
840,456,-6572676679576918530
839,456,2181485145590583897
838,456,5670151740386122982
837,456,4310606436964668454
836,456,8899812239903616585
835,456,-3929079458566756023
834,456,-8656382255450109216
833,456,-8743712572916065809
832,456,1908900843317739979
831,456,131632419598442214
830,456,-3058322669024025244
829,456,-1205651537707841773
828,456,-7116669075624432614
827,456,2282268321177578890
826,456,1206442691190090903
825,456,-8588098633892319830
824,456,6599188419075543205
823,456,-8087890071734580806
822,456,1986430706299255578
821,456,2699193271589317877
820,456,-1372470964055411358
819,456,-6132046584434605061
818,456,-151268595575636493
817,456,-2856253103336580167
816,456,2793378712178441732
815,456,879466560090399471
814,456,1284171932048593052
813,456,-5923611930005016119
812,456,-8431872874481292823
1291,456,-6629161912329160798
1290,456,2680606734666618824
1289,456,8383170989713225218
1288,456,-2051149003329596619
1287,456,3381784548466847517
1286,456,3188242714809557990
1285,456,-5824948790122528444
1284,456,-353555953203063475
1283,456,-3415986592279309290
1282,456,540117459370720219
1281,456,-1653422938584302781
1280,456,6686518829976125863
1279,456,4621169578603280549
1278,456,8533847524416146778
1277,456,-4026982843545515526
1276,456,1173658912207816989
1275,456,-3680150317680489913
1274,456,1827803020133305596
1273,456,3895961191594526826
1272,456,1930699291933534631
1271,456,6296151683966556742
1270,456,-3057791913633362117
1269,456,1731119940677049589
1268,456,7458025007933262591
1267,456,-3325745075019281392
1266,456,-225395722393644059
1265,456,5885821441941647363
1264,419,-1514159659029675886
1263,419,8335514460510010817
1262,456,5816729443084805082
1261,456,-1664105239388055623
1260,456,2194872006442655654
1259,456,-5585882743388495593
1258,456,-6197601262100826874
1257,456,-7465200822735274720
1256,456,8473906749381924448
1255,456,-1798479364914694746
1254,456,2818237388237512086
1253,456,-5430694333799253083
1252,456,973673918274247865
1251,456,9050168046833706190
1250,456,-6215191441539312584
1249,456,3294445559790467773
1248,456,8283686337437249740
1247,456,-3443117022664776636
1246,456,-6600410058309863529
1245,456,-9219023519597164769
1244,456,5228659015494521123
1243,456,8673932561049569227
1242,456,-5042144860126730489
1241,456,-429217792613458354
1240,456,2809370644765315448
1239,456,2970120113960059645
1238,456,-8029987747486743361
1237,456,5708492275377699232
1236,456,-8685766241973375865
1235,456,-5351397602056430953
1234,456,273619230951183726
1233,456,-110245773668256864
1232,456,2020336838815196755
1231,456,2994961421460544963
1230,456,9004623125281552267
1229,456,-4846574117541232185
1228,456,-7381191028900670920
1227,456,7759816355557803325
1226,456,-4605111831774543503
1225,456,3291711566449062685
1224,456,1989221624014148535
1223,456,6877707534729428180
1222,456,5378803920981056596
1221,456,296171276113038890
1220,456,-7956721927061941694
1219,456,1716487641640330468
1218,456,7190485695206718442
1217,456,-4992036680647668182
1216,456,3090377775981990094
1215,456,-5383542979605124609
1214,456,-4397742091470073152
1213,456,-3029954389866197340
1212,456,8492095251752565797
1211,456,-2761773322797737491
1210,456,1284300988670821921
1209,456,6872987685701718744
1208,456,4061653932475963020
1207,456,-7274351351841651579
1206,456,-6602606775861281167
1205,456,-3050903615974964253
1204,456,7040520412193496846
1203,456,-7707634988286089297
1202,456,-2981611182167832133
1201,456,-8057399334208833228
1200,456,-6301750623289452844
1199,456,5981761872824196457
1198,456,-3861761249328401449
1197,456,-2888103121899801372
1196,456,3776839971468671136
1195,456,-70364706062749882
1194,456,309289505880863736
1193,456,-589136129674632489
1192,456,-4621235622642508837
1191,456,-4620564825482476423
1190,456,2970464529236546923
1189,456,-2291249994449649906
1188,456,-1961176257450342832
1187,456,-6806676755667082552
1186,456,5177099609991218718
1185,456,5159840277743336011
1184,456,-2351399274402273368
1183,456,-3448375054572739510
1182,456,8607756003447323288
1181,456,-6155119891872523603
1180,456,7294682844653063953
1179,456,-665532182978306223
1178,456,-775439801753498905
1177,456,-3446336211352029160
1176,456,3816948810295584732
1175,456,8789621649058746316
1174,456,-7109436714264950308
1173,456,-5592763619162926616
1172,456,4005604635482093297
1171,456,8873778563555711268
1170,456,-343356845505296802
1169,456,-2058365938415343886
1168,456,-8464910165669934910
1167,456,-5889893710111839804
1166,456,2435209412484005424
1165,456,-1954068031331125611
1164,456,-5364138206389620678
1163,456,4536788222283879058
1162,456,3806618169671256986
1161,456,1793310765525770410
1160,456,-8150046517115258457
1159,456,7359780901803807278
1158,415,4915129833428294960
1157,456,3409087162616648639
1156,456,6610308883654504620
1155,456,1389657228581656099
1154,456,-8172733146044127713
1153,456,-6365095413156295442
1152,456,-8537082239892546007
1151,456,-19038107074426423
1150,456,-8847421032016794727
1149,456,-7875079809632482086
1148,456,7716577650336474786
1147,456,338042517987010753
1146,456,-5916424302439480013
1145,456,-3280164409002018324
1144,456,-5368851367679563909
1143,456,1568907356022701403
1142,456,22322529424252267
1141,456,1056828870157986586
1140,456,2870701089500714182
1139,456,1121156311247409261
1138,456,4701050584741904747
1137,456,4769282991868282410
1136,456,-971618500100087902
1135,456,-3939328721725323100
1134,456,8331693393502590266
1133,456,-2277220561664655542
1132,456,7069214233856029367
1131,456,-4500905677454101732
1130,456,4421467951837491451
1129,456,5855525997726508074
1128,456,-3756592763758551722
1127,456,7154761744884557298
1126,456,7277307274727206086
1125,456,-6206267347017837099
1124,456,560817796475387984
1123,456,-4440866319803736933
1122,456,-6998875663372627560
1121,456,-6934243895142972526
1120,456,8636409736218465010
1119,456,-7175115551598379716
1118,456,4199926737880456818
1117,456,-6818396226956047150
1116,1158,-5096943100531882618
1115,1158,4011873273648337864
1114,456,-6229670930359760523
1348,415,-2600884670055797728
1347,1158,-2999802211691597436
1346,1158,-4833282050289976371
1345,1158,-8995738884043634596
1344,1264,-4752110293259898493
1343,1264,5342662662843851295
1342,1263,1384924292264664346
1341,1158,7435656408500533678
1340,1158,6918697583279567187
1339,1158,7803729758093608605
1338,1158,403436400498452050
1337,1158,-5111555867936922369
1336,1158,-7767483458569327888
1335,1158,3122455112252803342
1334,1158,-8283181323961425512
1333,1158,-7775429666979836899
1332,1158,-8737191777934286746
1331,1158,-362744699290069661
1330,456,3546192121017233994
1329,456,-5826070605512765795
1328,456,-5311867423646664312
1327,456,-2084846904668524602
1326,456,-5174926010993315916
1325,456,5534437116080211631
1324,456,-7591303489678205461
1323,1264,-2369070593582584179
1322,1348,3763916517216584601
1321,1348,4652428202823185625
1320,1348,4716108169214465346
1319,1348,-1514159659029675886
1318,1348,-8901374072699208386
1317,1322,1421484322532656405
1316,1348,142316994428032963
1315,1348,-7013580461583110073
1314,1348,3720403177046369849
1313,1348,-1905877291628274208
1312,1348,4023385685731524792
1311,1348,-1489116131400639332
1310,1348,-3986022863968765206
1309,1319,-1275925240110602346
1308,1263,-854448330943727448
1307,1348,1681371046711233620
1306,1322,-1775246336648842887
1305,1322,-6663622096671154022
1304,1322,-3554804375617699578
1303,1322,-7427034254266200357
1302,1322,-7954052702352970906
1301,1322,3143555375519854401
1300,1319,-1666155101004799404
1299,1319,89217481362995643
1298,1319,-6390110237326501919
1297,1348,-5239825474912478348
1296,1348,-3587467150315647815
1295,1348,2710228136531574214
1294,1319,305777163295039733
1293,1319,6277067384091236401
1292,1319,-4511078128418746641
1440,1344,5462773133907926948
1439,1344,-4856119228016556423
1438,1344,2902025799775707210
1437,1344,1755506335854333731
1436,1344,-6250991502566360241
1435,1344,-5519062316588025700
1434,1344,-317741670214719840
1433,1344,-107006256651103316
1432,1344,-8078208635317287711
1431,1344,5606380834508297061
1430,1342,1228650315058417419
1429,1343,-5281024373608963522
1428,1342,8426470892326253920
1427,1343,2224755885251636267
1426,1343,3753096975119786554
1425,1342,-3615423957330537084
1424,1342,5537516637432735656
1423,1344,-6186097916510968223
1422,1344,424225412305473025
1421,1344,2363531770916580383
1420,1344,3083979670515822589
1419,1344,-3233155328536470164
1418,1344,-7501522297028833036
1417,1344,7435510591153743425
1416,1321,-1963292706644464269
1415,1342,-3463571010648069907
1414,1342,7072939242535269477
1413,1343,-3804067518370442131
1412,1342,1009182362845422930
1411,1342,-7324486358263435960
1410,1343,-6955862391209821250
1409,1342,-328664682800314808
1408,1342,1003457754493451105
1407,1343,-4591605094375259865
1406,1343,-4033540215111269983
1405,1343,9046899271390550322
1404,1343,-5181822937843237478
1403,1343,2352736585682425510
1402,1343,-6717754378948941226
1401,1343,4383802534569741306
1400,1343,2512353722066450519
1399,1321,6344139968428310833
1398,1321,5119032434764577443
1397,1343,-8617559436084147052
1396,1343,-5974102407874514472
1395,1343,-5118985889452506059
1394,1343,5912913748218090841
1393,1343,-2231845153339606057
1392,1343,-8597924361998742350
1391,1343,2456406471570159016
1390,1343,-9070234541122795035
1389,1343,-233443215493792143
1388,1343,-2010565093941548037
1387,1343,7889390985941182208
1386,1342,8788716382577840828
1385,1342,-1847128520363469632
1384,1342,-6037220526456087935
1383,1342,-1947802997950032482
1382,1342,2154719118255634543
1381,1342,1123756071809048133
1380,1342,-6244286838132552034
1379,456,-8193874166742532026
1378,456,-6559389956825589184
1377,1343,2595907333602347971
1376,1343,6224912483816396335
1375,1343,3874325620846808813
1374,1343,-8361708998234457513
1373,1342,-5644826758149874450
1372,1342,-8720719704313857680
1371,1342,-2172652508900720536
1370,1342,-7428029492998797204
1369,1342,-1228226154466875135
1368,1342,7616526857140165350
1367,1342,-347809128548549421
1366,1342,702581073989682986
1365,1342,2187791531364490390
1364,1342,6771860099800765374
1363,1342,-8002853761492309348
1362,1342,320708917549200638
1361,1342,-8196126158748216463
1360,1342,-6972122897163447126
1359,1342,-1213364656261066997
1358,1342,-4904184244623654933
1357,1342,-3387572599184197193
1356,1342,6753007460982693180
1355,1342,-3826987651592199672
1354,1342,-8704662516557279041
1353,1342,3474564567831866073
1352,1343,5906290264447543678
1351,1343,-6471648812159641801
1350,1343,6359375963897153008
1349,1343,8924173183331927472
1817,1343,-605087581269485203
1816,1343,-2071686430436715205
1815,1343,-1813516635993180965
1814,1343,-385162861721404259
1813,415,-2732369056320906041
1812,1348,8335514460510010817
1811,1342,7358709910668651227
1810,1342,-7296281506721560425
1809,1342,-6305819284910961009
1808,1342,-3453853306163334783
1807,1342,7749466125430619671
1806,1342,3092131906309983051
1805,1342,4148630342508903636
1804,1342,5756622548610593963
1803,1342,-610966792423318362
1802,1342,-3488930253048541705
1801,1342,1174779553959362295
1800,1342,-6250493925152852040
1799,1342,5275368116341662595
1798,1342,-4036066283415723233
1797,1342,2941650612886702301
1796,1342,308128241224905305
1795,1342,-219803892916162719
1794,1342,3864723154670373535
1793,1342,8656995957666645542
1792,1342,2475396804177292049
1791,1342,-3972334808319934068
1790,1343,8103889835572683067
1789,1343,-4819614390589455325
1788,1343,-1244546917336267526
1787,1343,8865746353620131379
1786,1343,2888264681744502590
1785,1343,7980894926807598321
1784,1342,4437396379504739288
1783,1342,6680239572824076039
1782,1342,-3656680232520028215
1781,1342,-764022040323974178
1780,1342,8848094608632951462
1779,1342,5838217855353128034
1778,1342,2339716707427544091
1777,1343,-3475370973889273207
1776,1343,7598533697815058916
1775,1342,6042900446371998010
1774,1343,4039949813525852849
1773,1343,-4846379775874471909
1772,1343,1320694009010432885
1771,1343,2738602746123297363
1770,1343,-7912223434658889160
1769,1343,6384970885297528341
1768,1321,7187582834990556871
1767,1321,2720165273069211695
1766,1321,-5451413154174249101
1765,1321,-6372424341148021426
1764,1320,7899256928405631309
1763,1321,1447439960869923331
1762,1321,1028659052245515839
1761,1342,3757490444967787326
1760,1342,927655702399956424
1759,1342,2078486107260523488
1758,1342,4548601947657385803
1757,415,7671515717894419542
1756,415,7134735045580829661
1755,417,-4565544792041807182
1754,1321,-9167210975391963754
1753,1321,8380614100300891009
1752,1343,-7177924636409282801
1751,1343,-1206626689944093302
1750,1343,-119509725770745755
1749,1343,-8667676161636482155
1748,1342,7247961109945119193
1747,1342,-1322527657166398375
1746,1342,-3668332310763517811
1745,1342,4177803037046776028
1744,1342,-8951687930394200718
1743,1342,6783817946131760215
1742,1342,3081245418966960891
1741,1342,-7624410407577690248
1740,1342,-3980059195381494549
1739,1342,586153541765535686
1738,1319,2609167084671711055
1737,1321,6517262941363572209
1736,1321,-7358235397928206862
1735,1321,-8419851739396574573
1734,1321,-4309876459930024819
1733,1342,5798618943401184760
1732,1321,1039042140868079839
1731,1342,354939778161572563
1730,1342,-5780814603613442429
1729,1342,-5961296771363843374
1728,1343,2751613814631556430
1727,1343,5980296454063430505
1726,1755,-3381535784483510363
1725,1756,-6872305415808919190
1724,1342,4741274900490910328
1723,1342,-6521700009172472879
1722,1342,-1394387060587593114
1721,1342,-1026542354514119595
1720,1342,318487147262017051
1719,1342,-7864430437301274727
1718,1344,-1871518096462121302
1717,1319,1623484882747498553
1716,1319,-1114850106275134394
1715,1319,6463036401075864786
1714,1319,-8793085500746124988
1713,1755,6210225566759069549
1712,1755,-2395843023421734820
1711,1755,-6653680068015251234
1710,1755,5572848142782527557
1709,1342,-5099804085996983972
1708,1342,-6412646265850255758
1707,1342,444311049972436935
1706,1342,-651176037153635942
1705,1342,1467438973590273238
1704,1342,7106257426890597094
1703,1342,-5151059571079325312
1702,1342,-2643362295583835299
1701,1319,-4064763708916874352
1700,1321,-5759356736988586294
1699,1320,-7218172226175859443
1698,1321,5182196069651599710
1697,1321,2311527063197447823
1696,1342,-7004873227095573977
1695,1342,4102787840502691250
1694,1342,-8366413485194817516
1693,1342,-1413001659330677959
1692,1342,9068357254361296244
1691,1342,5097545633122806476
1690,1757,8780179840402795833
1689,1756,2265732856309597281
1688,1757,4946933722440244679
1687,1756,-122299602196655265
1686,1756,2454663029737757118
1685,1756,7592055828232302666
1684,1756,8504582630267986008
1683,1755,-2327916815865331921
1682,1756,3033675789451275205
1681,1755,4478411140320426778
1680,1344,-8441640424650086437
1679,1344,-2605808545775115997
1678,1344,-163398588448649796
1677,1756,5059747588793043007
1676,1757,2436324863312880629
1675,1756,-3450701945160851150
1674,1756,-8667633571759839580
1673,1756,-1400040028392370346
1672,1756,-432355280423237475
1671,1756,-4077763255494678401
1670,1756,-4163166065231874426
1669,1756,4637427035147111586
1668,1756,-5781815851890657621
1667,1756,6365311235405624636
1666,1756,-8394571450186113982
1665,1756,8524205792237150398
1664,1756,-9015314594613120558
1663,1342,2403905431161898986
1662,1342,-2183478355959172488
1661,1342,7139418798564981147
1660,1342,-5331081184145890346
1659,1342,3188770059978107677
1658,1344,1202689557837640449
1657,1342,7296291487466525608
1656,1342,-6002564163157183631
1655,1342,-6517727078385100137
1654,1342,6653097346230129369
1653,1342,-2674880536899078659
1652,1342,1591730953231697459
1651,1342,4312661910656896803
1650,1342,-936389952387180573
1649,1342,-8986883389412771496
1648,1342,-49948668347333580
1647,1342,-7766865494723301170
1646,1342,4667447286071333388
1645,1342,4666461152202541630
1644,1342,9070024082331438789
1643,1342,-9040249087391388936
1642,1755,8196829240835985417
1641,1757,8045486144220203588
1640,1756,8031294667124898558
1639,1756,-4482821248039281593
1638,1756,3870941556690030198
1637,1756,-5119990012362313387
1636,1756,3867657081192218004
1635,1756,-2471536982012742770
1634,1756,4835996816588710128
1633,1756,6395624797473309890
1632,1756,4476180439084991859
1631,1756,-2658992936790723059
1630,1756,6823628073259379277
1629,1756,-7887012135159246906
1628,1756,-228538901800813699
1627,1813,-3963563722309171587
1626,1813,9188182156226087989
1625,1813,-5923675596533256340
1624,1813,6952493778695301532
1623,1813,-6478975772457557120
1622,1813,-4635027697663037005
1621,1813,-4428884145405377663
1620,1813,-2762105852055093986
1619,1813,6504365274265705017
1618,1813,7756907581619927781
1617,1813,-7620045666120336359
1616,1813,8073540325043171425
1615,1812,9076841370399200495
1614,1813,5420189569829423438
1613,1813,5442522504828772217
1612,1813,-8472115702923789497
1611,1813,818083341092715674
1610,1813,-5035578415824163930
1609,1812,-7410712434389789743
1608,1711,-2595427033584401246
1607,1711,-4566116819228402723
1606,1710,3119379711442974148
1605,1711,4808127118086549232
1604,1713,-3632264159562050396
1603,1713,7385188748374990560
1602,1713,-404301828417419914
1601,1711,-6528452878372915089
1600,1711,3201823195575620440
1599,1713,-4778348556035614660
1598,1711,5682526549451873850
1597,1711,-7017372599173166174
1596,1711,1993595193581847632
1595,1710,-8841615273313068728
1594,1344,-1809044789113214739
1593,1711,2017763542597656288
1592,1710,-2296166169617056483
2064,1710,-463361457359783865
2063,1711,2143085915673076827
2062,1713,-5238397066793709674
2061,1711,6395942247593036075
2060,1713,2656614260277152837
2059,1713,-1584562880491632370
2058,1711,6627515180341863580
2057,1710,-309557918081352691
2056,1710,4249184777123223869
2055,1710,539833799411912441
2054,1710,-5292023160373235875
2053,1710,-326534451617877250
2052,1710,2145585915957807732
2051,1710,6733138201491176575
2050,1710,-5423193434889295700
2049,1713,2465211894933858117
2048,1713,-9069431917294210452
2047,1713,-5000191009150413931
2046,1711,-6476415969096899184
2045,1711,5900769848089719264
2044,1711,4126696423428914426
2043,1711,-5304148925822304403
2042,1711,3764662590304391554
2041,1711,8708101756268858574
2040,1710,6521117282845707399
2039,1711,-7672985080353010588
2038,1711,-6993839455735975934
2037,1710,-7756570640319274005
2036,1710,-5521745883201187346
2035,1710,3921303736896114307
2034,1710,5855177968667241918
2033,1710,-5954543884348866244
2032,1710,-6696554218068983309
2031,1710,-8469356933496733566
2030,1710,5630222291683097156
2029,1710,6851199035433268913
2028,1710,5697993918283745752
2027,1710,2587299720443654253
2026,1710,7028555333642694588
2025,1710,3398521478569058158
2024,1710,3552755970123640424
2023,1711,8293128649923536137
2022,1711,-7473217395182171211
2021,1711,-6076932155307866789
2020,1711,-3363221365503129980
2019,1710,-1571838159540578436
2018,1710,-2403407698327076334
2017,1710,-5160896910830238541
2016,1710,6767531954297324331
2015,1710,6720362569251984896
2014,1710,-6604692715900870858
2013,1710,-8228097098332053037
2012,1710,4181317936302763342
2011,1710,-884286356406276355
2010,1710,6482259469487187997
2009,1710,-145351603691191344
2008,1710,7381478037551269264
2007,1710,-7509277576869495068
2006,1710,-1735434309315470525
2005,1710,9075932044759865178
2004,1710,-7745726233760934972
2003,1710,-925490992810156121
2002,1710,-8127358020338608442
2001,1710,8011709400615079127
2000,1710,8782266755513404804
1999,1710,1481242072556756576
1998,1710,5452884100937932377
1997,1710,-4957784315680428088
1996,1710,4005944434170502357
1995,1710,-5976672414347562773
1994,1710,6608179278819084218
1993,1710,-4423763159055865047
1992,1710,6715278072611328426
1991,1710,5113479865883973641
1990,1710,7475912156330457651
1989,1710,-5853729835462265488
1988,1710,-1863104872915278888
1987,1710,-72878423568458187
1986,1343,-7350386426196203844
1985,1343,4577482199778194340
1984,1343,8879562697630165203
1983,1343,-1478225186133154779
1982,1343,-5398096106176888837
1981,1710,4924207854924060615
1980,1710,-2127706451008444458
1979,1710,-6412852895008122001
1978,1710,8635427304414896700
1977,1710,-3410870522133770121
1976,1710,-7336135853830620116
1975,1710,2589135466896675241
1974,1755,-6975586218017830023
1973,1710,-1021256333313681858
1972,1710,6321266271500300529
1971,1755,4915129833428294960
1970,1710,-5922618506150182134
1969,1710,-6883670825472933502
1968,1710,-4238988060648416324
1967,1710,2669508538657540848
1966,1710,-4390725904211644110
1965,1710,-4987615244459258227
1964,1710,2954468307193414183
1963,1710,5326369050978469910
1962,1710,-4949939948232003948
1961,1710,-8807408686522573655
1960,1710,8489053793015217269
1959,1710,-1010093938660793632
1958,1710,-7958352721371317095
1957,1710,-2776553225131894478
1956,1710,4349166301864770593
1955,1710,-6649024085069687956
1954,1710,8622203406330155327
1953,1710,-6412054078789500573
1952,1710,-7878297726626132370
1951,1710,-816916028079185049
1950,1710,-4537959629415459514
1949,1710,-3689594381117489164
1948,1710,1631981897089181419
1947,1971,3213029882744881983
1946,1971,-4908468127094338066
1945,1710,7066849651603089702
1944,1971,7083756643787484400
1943,1710,2491495733497000783
1942,1971,4793009924197621720
1941,1971,3085615986154507281
1940,1971,-9163035849063826519
1939,1342,-4857512662720103969
1938,1971,4604327649966286766
1937,1971,-4941506153982799957
1936,1971,-4346736904536805406
1935,1971,-8110141873623656108
1934,1342,1811422230249912858
1933,1971,-7087014780924530947
1932,1971,5941608086399123765
1931,1971,-1465993676198114696
1930,1971,855022728498652374
1929,1971,-3853203436151514248
1928,1971,5344038820671672899
1927,1971,-5896047336431801192
1926,1971,6267165930136765286
1925,1971,-8211691224074188275
1924,1974,6630203344875657542
1923,1971,-404653087943890122
1922,1971,228754532772771565
1921,1971,8318031027486338502
1920,1971,4487520297187279621
1919,1971,-764248006213853140
1918,1971,-8493331452670619161
2161,1974,1204474925324596672
2160,1974,2729980202336987933
2159,1974,-1446435352826494433
2158,1974,3850482277190519951
2157,1974,-457286067694324183
2156,1974,4686750679811671874
2155,1974,8048378326289265992
2154,1971,2783482215137528262
2153,1971,3259012708142829124
2152,1755,7134735045580829661
2151,1755,-3347204959265099281
2150,1755,-2395398216835091645
2149,1971,1593082823286893804
2148,1974,-1813987135859971158
2147,1971,6268068581221883425
2146,1971,5818301468229054057
2145,1974,-5512798095667375980
2144,1971,1452175309502050338
2143,2152,6184402564919435855
2142,2152,-1498490285727043371
2141,1974,-5183910102381980509
2140,2151,1437961621970100813
2139,2151,-5536991016039583875
2138,2151,4302830976636787610
2137,2151,5506674108481322694
2136,2151,4016857421916533398
2135,2152,-1302761625083246880
2134,2152,-5553817888481259961
2133,2151,-3901094468186947076
2132,2151,-4659106460824431381
2131,2150,-8455540039952834012
2130,2150,-4715607969950195868
2129,2152,-663332244267721934
2128,2152,183458139002366222
2127,2152,-146420917459359644
2126,2152,-8080490376893900115
2125,2152,-1863459044232858459
2124,2150,-2859859158289851492
2123,2150,-6836536961447046557
2122,2150,-7528049266915631832
2121,2151,4297718680433482131
2120,2151,-3920576496627625125
2119,2150,2398303218105488773
2118,2151,1214248198388693052
2117,2152,-8422950013346343258
2116,2152,4144143350829317214
2115,2152,3209914873386106798
2114,2152,-819332327753393559
2113,2151,-7840111700196752187
2112,2152,-1843184322262940552
2111,2152,6731866474659373079
2110,2152,-4742045699597975411
2109,2152,-1967538895313258863
2108,2152,3913073412727146451
2107,2152,-710457582558508544
2106,2152,-4240605787420504745
2105,2152,2962503872018674092
2104,2151,5296180163608104214
2103,2151,5694814417896100475
2102,2151,-1413979471721685529
2101,2151,842723664955405000
2100,2151,-3107446410836672038
2099,2152,2921685717882182033
2098,2152,8917234906043637360
2097,2152,3942541674227180290
2096,2152,-7293967831907191564
2095,2152,7255693194163326232
2094,2152,-1196080212406352293
2093,2152,1234182604582793596
2092,2152,-6145319568041744504
2091,2152,-6434506000563960743
2090,2152,-5087006664237657290
2089,2152,-5651811543759650650
2088,2152,8224227316455391041
2087,2152,3202909170143867709
2086,2152,7770583282924229199
2085,2152,-5511340843752553569
2084,2152,-2923283648119646785
2083,2152,-5985732579492023882
2082,2152,8346675958009718728
2081,2152,-4312992691112160767
2080,2152,4272253306644304982
2079,2152,7688886567600415824
2078,2152,2128912537187477382
2077,2152,-5607159781515040277
2076,2152,-1415536399256312917
2075,2152,4201678620630024462
2074,2152,5082621142846920843
2073,2152,-1538991285975561268
2072,2152,1044858206351345954
2071,2152,1903892444406131934
2070,2152,-7175012000080619410
2069,2152,1593609627580805814
2068,2152,5587758456047244460
2067,1710,6841104456016602538
2066,2152,4682238716083470009
2065,2152,4513548632995858813
2286,1710,5236298389098520107
2285,2090,-1805785954795187787
2284,1710,5760158079773821605
2283,2090,-7955988020894092760
2282,2090,4533439052934152920
2281,2090,-2543549208425297814
2280,2090,4231685045158822119
2279,2091,-4718012812666157427
2278,1710,-8821612186494908629
2277,1711,9055462837925656355
2276,1710,4102203806369408723
2275,1710,-4087271101216555271
2274,1710,-3451687527371623283
2273,1710,9215275660653659370
2272,1710,-908610171478295152
2271,417,-5552588731700134019
2270,2152,6567343206395021236
2269,2152,6805058196663047556
2268,2152,-8397355794489499774
2267,2152,1150651138781389511
2266,2152,-618089506070675078
2265,2152,8163623176709249513
215,101,1964072120296143686
2387,209,3142293572515165044
2488,208,-5669975921219646208
